{"content":[{"id":"10eae54a","settings":{"flex_direction":"row","padding":{"unit":"px","top":"20","right":"0","bottom":"20","left":"0","isLinked":false},"flex_gap":{"column":"30","row":"30","isLinked":true,"unit":"px","size":30},"_title":"Main Posts"},"elements":[{"id":"21d8a8a1","settings":{"content_width":"full","padding":{"unit":"px","top":"0","right":"0","bottom":"0","left":"0","isLinked":true},"width":{"unit":"%","size":60,"sizes":[]},"width_tablet":{"unit":"%","size":"","sizes":[]},"width_mobile":{"unit":"%","size":"","sizes":[]},"_title":"Left"},"elements":[{"id":"5131ed9b","settings":{"template_id":61,"alternate_templates":[{"template_id":null,"_id":"54cafdc"}],"pagination_page_limit":"5","pagination_prev_label":"Previous","pagination_next_label":"Next","text":"Load More","load_more_no_posts_custom_message":"No more posts to show","nothing_found_message_text":"It seems we can\u2019t find what you\u2019re looking for.","columns":1,"posts_per_page":1,"post_query_query_id":"sticky_1","columns_tablet":1},"elements":[],"isInner":false,"widgetType":"loop-grid","elType":"widget"}],"isInner":true,"elType":"container"},{"id":"2ff6890c","settings":{"content_width":"full","flex_direction":"column","flex_gap":{"column":"13","row":"13","isLinked":true,"unit":"px","size":13},"padding":{"unit":"px","top":"0","right":"0","bottom":"0","left":"0","isLinked":true},"width":{"unit":"%","size":40,"sizes":[]},"width_tablet":{"unit":"%","size":"","sizes":[]},"width_mobile":{"unit":"%","size":"","sizes":[]},"_title":"Center"},"elements":[{"id":"7528f0b","settings":{"template_id":77,"alternate_templates":[{"template_id":null,"_id":"54cafdc"}],"pagination_page_limit":"5","pagination_prev_label":"Previous","pagination_next_label":"Next","text":"Load More","load_more_no_posts_custom_message":"No more posts to show","nothing_found_message_text":"It seems we can\u2019t find what you\u2019re looking for.","columns":1,"posts_per_page":2,"row_gap":{"unit":"px","size":13,"sizes":[]},"post_query_query_id":"sticky_3","columns_tablet":1},"elements":[],"isInner":false,"widgetType":"loop-grid","elType":"widget"}],"isInner":true,"elType":"container"},{"id":"635fba7e","settings":{"content_width":"full","padding":{"unit":"px","top":"0","right":"0","bottom":"0","left":"0","isLinked":true},"width":{"unit":"%","size":45,"sizes":[]},"width_tablet":{"unit":"%","size":"","sizes":[]},"width_mobile":{"unit":"%","size":"","sizes":[]},"_title":"Right"},"elements":[{"id":"8b0361e","settings":{"template_id":61,"alternate_templates":[{"template_id":null,"_id":"54cafdc"}],"pagination_page_limit":"5","pagination_prev_label":"Previous","pagination_next_label":"Next","text":"Load More","load_more_no_posts_custom_message":"No more posts to show","nothing_found_message_text":"It seems we can\u2019t find what you\u2019re looking for.","columns":1,"posts_per_page":1,"post_query_query_id":"sticky_2","columns_tablet":1},"elements":[],"isInner":false,"widgetType":"loop-grid","elType":"widget"}],"isInner":true,"elType":"container"}],"isInner":false,"elType":"container"},{"id":"2dcd025f","settings":{"flex_direction":"column","padding":{"unit":"px","top":"20","right":"0","bottom":"20","left":"0","isLinked":false},"_title":"Egy News"},"elements":[{"id":"3b67e557","settings":{"text":"Divider","weight":{"unit":"px","size":5,"sizes":[]},"gap":{"unit":"px","size":10,"sizes":[]},"__globals__":{"color":"globals\/colors?id=cf63b60"}},"elements":[],"isInner":false,"widgetType":"divider","elType":"widget"},{"id":"71fb141a","settings":{"title":"Egy News","typography_typography":"custom","typography_font_family":"Inria Serif","typography_font_size":{"unit":"px","size":20.99,"sizes":[]},"typography_font_weight":"700","__globals__":{"title_color":"globals\/colors?id=accent"}},"elements":[],"isInner":false,"widgetType":"heading","elType":"widget"},{"id":"2a94a4ae","settings":{"template_id":93,"post_query_include":["terms"],"post_query_include_term_ids":["3"],"pause_on_hover":"","pause_on_interaction":"","offset_sides":"right","navigation_previous_icon_horizontal_position":{"unit":"px","size":-22,"sizes":[]},"navigation_next_icon_horizontal_position":{"unit":"px","size":-22,"sizes":[]},"pagination":"","image_spacing_custom":{"unit":"px","size":3,"sizes":[]},"arrows_size":{"unit":"px","size":21,"sizes":[]},"arrows_normal_background_background":"classic","arrows_border_radius":{"unit":"px","top":"50","right":"50","bottom":"50","left":"50","isLinked":true},"arrows_padding":{"unit":"px","top":"15","right":"15","bottom":"15","left":"15","isLinked":true},"custom_css":"selector{\n    overflow: hidden\n}","__globals__":{"arrow_normal_color":"globals\/colors?id=976f29a","arrows_normal_background_color":"globals\/colors?id=accent"}},"elements":[],"isInner":false,"widgetType":"loop-carousel","elType":"widget"}],"isInner":false,"elType":"container"},{"id":"b0833b4","settings":{"flex_direction":"row","padding":{"unit":"px","top":"20","right":"0","bottom":"20","left":"0","isLinked":false},"_title":"Features"},"elements":[{"id":"7a61a88d","settings":{"content_width":"full","padding":{"unit":"px","top":"0","right":"0","bottom":"0","left":"0","isLinked":true},"_title":"Features"},"elements":[{"id":"5640a7a5","settings":{"text":"Divider","weight":{"unit":"px","size":5,"sizes":[]},"gap":{"unit":"px","size":10,"sizes":[]},"__globals__":{"color":"globals\/colors?id=cf63b60"}},"elements":[],"isInner":false,"widgetType":"divider","elType":"widget"},{"id":"6a784ff7","settings":{"title":"Features","typography_typography":"custom","typography_font_family":"Inria Serif","typography_font_size":{"unit":"px","size":20.99,"sizes":[]},"typography_font_weight":"700","__globals__":{"title_color":"globals\/colors?id=accent"}},"elements":[],"isInner":false,"widgetType":"heading","elType":"widget"},{"id":"7035e5d2","settings":{"template_id":"61","columns":2,"posts_per_page":2,"equal_height":"yes","alternate_templates":[{"template_id":null,"_id":"a1a662b"}],"post_query_query_id":"featured_posts","pagination_page_limit":"5","pagination_prev_label":"Previous","pagination_next_label":"Next","text":"Load More","load_more_no_posts_custom_message":"No more posts to show","nothing_found_message_text":"It seems we can\u2019t find what you\u2019re looking for."},"elements":[],"isInner":false,"widgetType":"loop-grid","elType":"widget"}],"isInner":true,"elType":"container"},{"id":"19566844","settings":{"content_width":"full","width":{"unit":"%","size":45,"sizes":[]},"padding":{"unit":"px","top":"0","right":"0","bottom":"0","left":"0","isLinked":true},"_title":"top stories"},"elements":[{"id":"77468af2","settings":{"text":"Divider","weight":{"unit":"px","size":5,"sizes":[]},"gap":{"unit":"px","size":10,"sizes":[]},"__globals__":{"color":"globals\/colors?id=cf63b60"}},"elements":[],"isInner":false,"widgetType":"divider","elType":"widget"},{"id":"5180bf0a","settings":{"title":"Top stories","typography_typography":"custom","typography_font_family":"Inria Serif","typography_font_size":{"unit":"px","size":20.99,"sizes":[]},"typography_font_weight":"700","__globals__":{"title_color":"globals\/colors?id=accent"}},"elements":[],"isInner":false,"widgetType":"heading","elType":"widget"},{"id":"e0e99f0","settings":{"template_id":122,"alternate_templates":[{"template_id":null,"_id":"2a55ab2"}],"pagination_page_limit":"5","pagination_prev_label":"Previous","pagination_next_label":"Next","text":"Load More","load_more_no_posts_custom_message":"No more posts to show","nothing_found_message_text":"It seems we can\u2019t find what you\u2019re looking for.","columns":1,"posts_per_page":5,"post_query_query_id":"top5_views","row_gap":{"unit":"px","size":0,"sizes":[]},"_border_border":"solid","_border_width":{"unit":"px","top":"0","right":"0","bottom":"0","left":"2","isLinked":false},"_border_radius":{"unit":"px","top":"0","right":"0","bottom":"0","left":"0","isLinked":false},"__globals__":{"_border_color":"globals\/colors?id=cf63b60"},"columns_tablet":1},"elements":[],"isInner":false,"widgetType":"loop-grid","elType":"widget"}],"isInner":true,"elType":"container"}],"isInner":false,"elType":"container"}],"settings":{"template":"default","hide_title":"yes"},"metadata":{"footnotes":"","main_posts":"a:4:{i:0;s:2:\"24\";i:1;s:2:\"27\";i:2;s:2:\"28\";i:3;s:2:\"29\";}"}}