{"content":[],"settings":{"template":"default","colors_enable_styleguide_preview":"yes","system_colors":[{"_id":"primary","title":"Primary","color":"#0073BF"},{"_id":"secondary","title":"Secondary","color":"#000000"},{"_id":"text","title":"Text","color":"#7A7A7A"},{"_id":"accent","title":"Accent","color":"#DF001E"}],"custom_colors":[{"_id":"976f29a","title":"#fff","color":"#FFFFFF"},{"_id":"cf63b60","title":"rgba(36, 31, 32, 1)","color":"#241F20"}],"typography_enable_styleguide_preview":"yes","system_typography":[{"_id":"primary","title":"Primary","typography_typography":"custom","typography_font_family":"Inter","typography_font_weight":"700","typography_font_size":{"unit":"px","size":18,"sizes":[]}},{"_id":"secondary","title":"Secondary","typography_typography":"custom","typography_font_family":"Inter","typography_font_weight":"700","typography_font_size":{"unit":"px","size":13.99,"sizes":[]}},{"_id":"text","title":"Text","typography_typography":"custom","typography_font_family":"Inter","typography_font_weight":"700","typography_font_size":{"unit":"px","size":15.74,"sizes":[]}},{"_id":"accent","title":"Accent","typography_typography":"custom","typography_font_family":"Inter","typography_font_weight":"700","typography_font_size":{"unit":"px","size":15.74,"sizes":[]}}],"custom_typography":[],"default_generic_fonts":"Sans-serif","page_title_selector":"h1.entry-title","hello_footer_copyright_text":"All rights reserved","activeItemIndex":1,"viewport_md":768,"viewport_lg":1025,"container_width":{"unit":"%","size":85,"sizes":[]},"container_width_tablet":{"unit":"%","size":87,"sizes":[]},"container_width_mobile":{"unit":"%","size":90,"sizes":[]}},"metadata":[]}