{"content":[{"id":"14a581fe","settings":{"flex_direction":"row","content_width":"full","border_border":"solid","border_width":{"unit":"px","top":"1","right":"0","bottom":"1","left":"0","isLinked":false},"border_color":"#C5C2C2","padding":{"unit":"px","top":"11","right":"11","bottom":"11","left":"11","isLinked":true},"flex_align_items":"center","css_classes":"loop-top5","custom_css":".loop-top5 {\r\n    counter-reset: post-counter;\r\n}\r\n\r\n.loop-top5 .elementor-post {\r\n    counter-increment: post-counter;\r\n    position: relative;\r\n}\r\n\r\n.loop-top5 .elementor-post .number::before {\r\n    content: counter(post-counter);\r\n    position: absolute;\r\n    top: 0;\r\n    left: 0;\r\n    background: #111;\r\n    color: #fff;\r\n    width: 30px;\r\n    height: 30px;\r\n    display: flex;\r\n    justify-content: center;\r\n    align-items: center;\r\n    border-radius: 50%;\r\n    font-weight: bold;\r\n}\r\n"},"elements":[{"id":"66d6f85d","settings":{"content_width":"full","width":{"unit":"px","size":30,"sizes":[]},"padding":{"unit":"px","top":"0","right":"0","bottom":"0","left":"0","isLinked":true},"css_classes":"number","_title":"num"},"elements":[{"id":"4f5aa54","settings":{"editor":"<p>[post_counter]<\/p>","align":"center","_padding":{"unit":"px","top":"3","right":"3","bottom":"3","left":"3","isLinked":true},"_background_background":"classic","__globals__":{"text_color":"globals\/colors?id=976f29a","typography_typography":"globals\/typography?id=secondary","_background_color":"globals\/colors?id=accent"}},"elements":[],"isInner":false,"widgetType":"text-editor","elType":"widget"}],"isInner":true,"elType":"container"},{"id":"64a85363","settings":{"content_width":"full","padding":{"unit":"px","top":"0","right":"0","bottom":"0","left":"0","isLinked":true},"_title":"title"},"elements":[{"id":"5a01c2f8","settings":{"__dynamic__":{"title":"[elementor-tag id=\"\" name=\"post-title\" settings=\"%7B%22before%22%3A%22%22%2C%22after%22%3A%22%22%2C%22fallback%22%3A%22%22%7D\"]","link":"[elementor-tag id=\"1ab8c00\" name=\"post-url\" settings=\"%7B%7D\"]"},"title":"Add Your Heading Text Here","__globals__":{"title_color":"globals\/colors?id=cf63b60"}},"elements":[],"isInner":false,"widgetType":"theme-post-title","elType":"widget"}],"isInner":true,"elType":"container"}],"isInner":false,"elType":"container"}],"settings":[],"metadata":[]}