{"content":[{"id":"4495ce0c","settings":{"flex_direction":"row","content_width":"full","flex_justify_content_tablet":"center","flex_align_items":"center","background_background":"classic","padding":{"unit":"px","top":"8","right":"12","bottom":"8","left":"12","isLinked":false},"sticky":"top","__globals__":{"background_color":"globals\/colors?id=secondary"},"_title":"Header"},"elements":[{"id":"6581148b","settings":{"content_width":"full","width_mobile":{"unit":"%","size":30,"sizes":[]},"flex_justify_content_tablet":"center","padding":{"unit":"px","top":"0","right":"0","bottom":"0","left":"0","isLinked":true},"_title":"Menu"},"elements":[{"id":"53d204c4","settings":{"menu_name":"Menu","menu":"main-menu","pointer":"none","full_width":"stretch","toggle_align":"left","menu_typography_typography":"custom","menu_typography_font_family":"Inter","menu_typography_font_size":{"unit":"px","size":15.74,"sizes":[]},"menu_typography_font_weight":"700","menu_typography_text_transform":"capitalize","color_menu_item":"#FFFFFF","color_menu_item_hover":"#DF001E","color_menu_item_active":"#DF001E","__globals__":{"menu_typography_typography":"","color_menu_item":"globals\/colors?id=976f29a","color_menu_item_hover":"globals\/colors?id=accent","color_menu_item_active":"globals\/colors?id=accent","toggle_color":"globals\/colors?id=976f29a"},"menu_id":2},"elements":[],"isInner":false,"widgetType":"nav-menu","elType":"widget"}],"isInner":true,"elType":"container"},{"id":"5ed85b80","settings":{"content_width":"full","width":{"unit":"%","size":20,"sizes":[]},"width_tablet":{"unit":"%","size":61,"sizes":[]},"width_mobile":{"unit":"%","size":62,"sizes":[]},"padding":{"unit":"px","top":"0","right":"0","bottom":"0","left":"0","isLinked":true},"_title":"Search"},"elements":[{"id":"2051a448","settings":{"search_input_placeholder_text":"search","icon_search":{"value":"fas fa-search","library":"fa-solid"},"submit_trigger":"key_enter","submit_button_text":"Search","nothing_found_message_text":"It seems we can\u2019t find what you\u2019re looking for.","pagination_prev_label":"Previous","pagination_next_label":"Next","search_field_typography_typography":"custom","search_field_typography_font_family":"Inter","search_field_typography_font_size":{"unit":"px","size":15.74,"sizes":[]},"search_field_typography_font_weight":"500","search_field_typography_text_transform":"capitalize","search_field_padding":{"unit":"px","top":"4","right":"4","bottom":"4","left":"4","isLinked":true},"search_field_icon_label_size":{"unit":"px","size":17,"sizes":[]},"search_field_icon_gap":{"unit":"px","size":8,"sizes":[]},"search_field_submit_gap":{"unit":"px","size":0,"sizes":[]},"__globals__":{"search_field_typography_typography":"","search_field_icon_search_normal_color_normal":"globals\/colors?id=accent"}},"elements":[],"isInner":false,"widgetType":"search","elType":"widget"}],"isInner":true,"elType":"container"}],"isInner":false,"elType":"container"}],"settings":[],"metadata":{"post_views_count":"1"}}