{"content":[{"id":"7ffcd9d5","settings":{"flex_direction":"column","background_background":"classic","padding":{"unit":"px","top":"15","right":"0","bottom":"15","left":"0","isLinked":false},"__globals__":{"background_color":"globals\/colors?id=secondary"}},"elements":[{"id":"28a0b2d8","settings":{"editor":"<p>Copyright \u00a9 2025 All Rights Reserved \u2013 Designed &amp; Developed by Abdallah<\/p>","align":"center","__globals__":{"text_color":"globals\/colors?id=976f29a"}},"elements":[],"isInner":false,"widgetType":"text-editor","elType":"widget"}],"isInner":false,"elType":"container"}],"settings":[],"metadata":{"post_views_count":"1"}}