{"content":[{"id":"e0bfbf","settings":{"flex_direction":"column","__globals__":{"background_color":"globals\/colors?id=primary"},"content_width":"full","padding":{"unit":"px","top":"0","right":"0","bottom":"0","left":"0","isLinked":true},"_title":"post"},"elements":[{"id":"ab656b2","settings":{"content_width":"full","min_height":{"unit":"px","size":300,"sizes":[]},"html_tag":"a","background_background":"classic","background_position":"center center","background_repeat":"no-repeat","background_size":"cover","background_overlay_background":"gradient","background_overlay_color_b":"#000000C7","background_overlay_opacity":{"unit":"px","size":0.3,"sizes":[]},"_title":"image","__dynamic__":{"background_image":"[elementor-tag id=\"23b9a21\" name=\"post-featured-image\" settings=\"%7B%7D\"]","link":"[elementor-tag id=\"01dfb74\" name=\"post-url\" settings=\"%7B%7D\"]"},"__globals__":{"background_overlay_color":"globals\/colors?id=secondary"}},"elements":[],"isInner":true,"elType":"container"},{"id":"403606c1","settings":{"content_width":"full","padding":{"unit":"px","top":"20","right":"20","bottom":"20","left":"20","isLinked":true},"position":"absolute","_offset_orientation_v":"end","_title":"Post Info"},"elements":[{"id":"2f7f87a9","settings":{"text":"Local","typography_typography":"custom","typography_font_family":"Inria Serif","typography_font_size":{"unit":"px","size":15.74,"sizes":[]},"typography_font_weight":"700","border_radius":{"unit":"px","top":"0","right":"0","bottom":"0","left":"0","isLinked":true},"text_padding":{"unit":"px","top":"9","right":"15","bottom":"9","left":"15","isLinked":false},"__globals__":{"background_color":"globals\/colors?id=accent"},"__dynamic__":{"link":"[elementor-tag id=\"a02e7b2\" name=\"post-url\" settings=\"%7B%7D\"]"}},"elements":[],"isInner":false,"widgetType":"button","elType":"widget"},{"id":"20a08c24","settings":{"__dynamic__":{"title":"[elementor-tag id=\"\" name=\"post-title\" settings=\"%7B%22before%22%3A%22%22%2C%22after%22%3A%22%22%2C%22fallback%22%3A%22%22%7D\"]","link":"[elementor-tag id=\"0715835\" name=\"post-url\" settings=\"%7B%7D\"]"},"title":"Add Your Heading Text Here","__globals__":{"title_color":"globals\/colors?id=976f29a","typography_typography":"globals\/typography?id=text"}},"elements":[],"isInner":false,"widgetType":"theme-post-title","elType":"widget"}],"isInner":true,"elType":"container"}],"isInner":false,"elType":"container"}],"settings":[],"metadata":[]}